unitID,unitSeq,participant,unitStart,unitEnd
3166B3487A345,1,undefined,undefined,undefined
7BFBE9F2A39E,2,undefined,undefined,undefined
2DF85F314EDD8,3,undefined,undefined,undefined
281E6A3CE0404,4,undefined,undefined,undefined
363F804856E8D,5,undefined,undefined,undefined
2BAEB0315AFFE,6,undefined,undefined,undefined
2362AF054211E,7,undefined,undefined,undefined
2FF6017DDB952,8,undefined,undefined,undefined
1B41A47B415A6,9,undefined,undefined,undefined
29955AED677E,10,undefined,undefined,undefined
15D5036BCEAEA,11,undefined,undefined,undefined
E39F30F7FC1,12,undefined,undefined,undefined
CD8B4F6ACA22,13,undefined,undefined,undefined
14BFA1093441F,14,undefined,undefined,undefined
2C3752FB7CFA4,15,undefined,undefined,undefined
2E42BB7F06E5B,16,undefined,undefined,undefined
38832D233CC25,17,undefined,undefined,undefined
307C20CA1F0F1,18,undefined,undefined,undefined
B41C11D2EE03,19,undefined,undefined,undefined
2A347B1CA5680,20,undefined,undefined,undefined
F7BA387980AD,21,undefined,undefined,undefined
E7A7A43F6266,22,undefined,undefined,undefined
327C29145ACDC,23,undefined,undefined,undefined
C860778E3A30,24,undefined,undefined,undefined
1DFC4E03C9E31,25,undefined,undefined,undefined
254FF62669A01,26,undefined,undefined,undefined
50841080219E,27,undefined,undefined,undefined
31D7B5816E912,28,undefined,undefined,undefined
1F9E6AB5EDC89,29,undefined,undefined,undefined
83B220D682A3,30,undefined,undefined,undefined
2C77FF4774304,31,undefined,undefined,undefined
2050AC7F112B8,32,undefined,undefined,undefined
8CF8BFC55EC1,33,undefined,undefined,undefined
1E53780804D45,34,undefined,undefined,undefined
37227BABEFC63,35,undefined,undefined,undefined
14EF2317D5502,36,undefined,undefined,undefined
5FD34624A538,37,undefined,undefined,undefined
2C3358A27C6B4,38,undefined,undefined,undefined
51BEAD281B9A,39,undefined,undefined,undefined
2A48C5D80215F,40,undefined,undefined,undefined
DEB162B4CDC6,41,undefined,undefined,undefined
132C2A33754F3,42,undefined,undefined,undefined
17C6E8145B074,43,undefined,undefined,undefined
30B1DF0DAB9BF,44,undefined,undefined,undefined
C7268C15BA0C,45,undefined,undefined,undefined
3548790666004,46,undefined,undefined,undefined
16B157F507FAD,47,undefined,undefined,undefined
1B8DBEBE62A5A,48,undefined,undefined,undefined
339122EAB69BC,49,undefined,undefined,undefined
14D96F7B50145,50,undefined,undefined,undefined
1FCF8552F08F7,51,undefined,undefined,undefined
15A9719383806,52,undefined,undefined,undefined
276233F3F582,53,undefined,undefined,undefined
188F024FF8785,54,undefined,undefined,undefined
357F4B4BE8C94,55,undefined,undefined,undefined
1E45C34270E84,56,undefined,undefined,undefined
24B43BB2E1DBA,57,undefined,undefined,undefined
2A0BE8D806D95,58,undefined,undefined,undefined
2008C64DB41DE,59,undefined,undefined,undefined
254BE35C0BD,60,undefined,undefined,undefined
216FA7BC7739E,61,undefined,undefined,undefined
30663FE0ECB40,62,undefined,undefined,undefined
517D171BD216,63,undefined,undefined,undefined
E2C7EB4E549E,64,undefined,undefined,undefined
37FB9E4DB77F,65,undefined,undefined,undefined
1B2028821A083,66,undefined,undefined,undefined
167D967BEEDBA,67,undefined,undefined,undefined
158D2C4F9C34,68,undefined,undefined,undefined
E184AD53DC8E,69,undefined,undefined,undefined
1C2F03BC3BFA4,70,undefined,undefined,undefined
26ED898C584FA,71,undefined,undefined,undefined
1FEB7337D96A8,72,undefined,undefined,undefined
385AAC0FCFAD9,73,undefined,undefined,undefined
14FBE29969925,74,undefined,undefined,undefined
40D10D003FE5,75,undefined,undefined,undefined
21A249BFBFC4F,76,undefined,undefined,undefined
26434F6241CBA,77,undefined,undefined,undefined
8F4A8F364ED1,78,undefined,undefined,undefined
13CA353AF4C6A,79,undefined,undefined,undefined
35EF297147405,80,undefined,undefined,undefined
964703567601,81,undefined,undefined,undefined
34CDD30D4AF3B,82,undefined,undefined,undefined
76CC6F114705,83,undefined,undefined,undefined
26A902B686078,84,undefined,undefined,undefined
2879F44866CE4,85,undefined,undefined,undefined
3A9C1F456579,86,undefined,undefined,undefined
30FED9F8B3194,87,undefined,undefined,undefined
2D5F6781F00F5,88,undefined,undefined,undefined
1EDCA40EA065,89,undefined,undefined,undefined
3ED020CF86E3,90,undefined,undefined,undefined
36CFAF97630BF,91,undefined,undefined,undefined
35CC44756F866,92,undefined,undefined,undefined
ED820680AFE9,93,undefined,undefined,undefined
CF08835691CF,94,undefined,undefined,undefined
34D060449B515,95,undefined,undefined,undefined
111EE33E0A3D9,96,undefined,undefined,undefined
1DDDA001C12C7,97,undefined,undefined,undefined
1E3DEA11B263A,98,undefined,undefined,undefined
13FEDA60574C5,99,undefined,undefined,undefined
13099F3240EC0,100,undefined,undefined,undefined
FF68BFB238B9,101,undefined,undefined,undefined
17C787DD4E179,102,undefined,undefined,undefined
81E74922FD02,103,undefined,undefined,undefined
2C520B93BF1EB,104,undefined,undefined,undefined
15D700B892777,105,undefined,undefined,undefined
2B598DF8F701C,106,undefined,undefined,undefined
278B3B3A74FB0,107,undefined,undefined,undefined
813D26AB8BDB,108,undefined,undefined,undefined
2B2BAB4AA305D,109,undefined,undefined,undefined
287C3BC4E8153,110,undefined,undefined,undefined
121F23BA94632,111,undefined,undefined,undefined
37BBF1EA4E086,112,undefined,undefined,undefined
15D4E5E7AF6AA,113,undefined,undefined,undefined
F2FEFCD4FB78,114,undefined,undefined,undefined
12C4C8DE8754C,115,undefined,undefined,undefined
22378154CD54,116,undefined,undefined,undefined
29D35AB6E0E1F,117,undefined,undefined,undefined
18359AB1BA7FF,118,undefined,undefined,undefined
5B83B9D7A57D,119,undefined,undefined,undefined
33172AEABB747,120,undefined,undefined,undefined
3239817EC2FE3,121,undefined,undefined,undefined
1159CB4016BDE,122,undefined,undefined,undefined
2BBE75E37D33F,123,undefined,undefined,undefined
132FB0FAF09A8,124,undefined,undefined,undefined
1D41F07623389,125,undefined,undefined,undefined
2BA02DD614A9F,126,undefined,undefined,undefined
E319D75EC992,127,undefined,undefined,undefined
32938D7674DAA,128,undefined,undefined,undefined
2BE9836B44DBA,129,undefined,undefined,undefined
30C509663CD2C,130,undefined,undefined,undefined
1523ECC28F84D,131,undefined,undefined,undefined
1F16AB1B85DAD,132,undefined,undefined,undefined
F5AC75D7EE88,133,undefined,undefined,undefined
D8788D95F10F,134,undefined,undefined,undefined
3325AFA1F5DE8,135,undefined,undefined,undefined
3161595B30BAA,136,undefined,undefined,undefined
1C7E3A675E979,137,undefined,undefined,undefined
231240E3366B4,138,undefined,undefined,undefined
54D00799FB76,139,undefined,undefined,undefined
14B9F1EEFED72,140,undefined,undefined,undefined
1E69D8ABD6138,141,undefined,undefined,undefined
3535D132FA691,142,undefined,undefined,undefined
332A7141BAF84,143,undefined,undefined,undefined
2EFC33314ACEF,144,undefined,undefined,undefined
1C47F1FB696BC,145,undefined,undefined,undefined
2E20701787D01,146,undefined,undefined,undefined
232941BAE4B9C,147,undefined,undefined,undefined
2FB2595F448E6,148,undefined,undefined,undefined
1F22992F5B8D7,149,undefined,undefined,undefined
25EA9D200B4CB,150,undefined,undefined,undefined
1B88B9EE0E1E3,151,undefined,undefined,undefined
FE754218C292,152,undefined,undefined,undefined
E68752D6D0B8,153,undefined,undefined,undefined
1C53E685DFF9E,154,undefined,undefined,undefined
6FE212AAAC0F,155,undefined,undefined,undefined
CDA24A2EF2B5,156,undefined,undefined,undefined
2FD7BA12E987E,157,undefined,undefined,undefined
19136385E9D23,158,undefined,undefined,undefined
28F5F68EF38BF,159,undefined,undefined,undefined
1D38D064EB329,160,undefined,undefined,undefined
17BAB40A61756,161,undefined,undefined,undefined
1F27B24F912A7,162,undefined,undefined,undefined
2793249F5DE81,163,undefined,undefined,undefined
DCDECB8E517C,164,undefined,undefined,undefined
1E7E1B88C7367,165,undefined,undefined,undefined
3026B4DBA6D2A,166,undefined,undefined,undefined
2E5AB5AF768A9,167,undefined,undefined,undefined
6B5828AD17E3,168,undefined,undefined,undefined
2C2DA8B3B74A4,169,undefined,undefined,undefined
191459562DE5D,170,undefined,undefined,undefined
2389BA7D6B1AC,171,undefined,undefined,undefined
B245C1ADB287,172,undefined,undefined,undefined
CC0E19F12564,173,undefined,undefined,undefined
34BCE7B0B932C,174,undefined,undefined,undefined
2ACE03F466513,175,undefined,undefined,undefined
864C25C16C4F,176,undefined,undefined,undefined
29A6165F05B57,177,undefined,undefined,undefined
1F302F3FF1F0C,178,undefined,undefined,undefined
2956A56D107B6,179,undefined,undefined,undefined
D963CD1A9CBC,180,undefined,undefined,undefined
93D65D544A07,181,undefined,undefined,undefined
28B52AC418D8B,182,undefined,undefined,undefined
300A696051003,183,undefined,undefined,undefined
2F719CE65798D,184,undefined,undefined,undefined
1EBED80552053,185,undefined,undefined,undefined
615AA65A94DA,186,undefined,undefined,undefined
1FCB5377DEDB1,187,undefined,undefined,undefined
24B1EEA7590EC,188,undefined,undefined,undefined
61E147C6A0E,189,undefined,undefined,undefined
3141DA72AB505,190,undefined,undefined,undefined
DC2F7EEFF39F,191,undefined,undefined,undefined
1A50E92568224,192,undefined,undefined,undefined
24F9F0C853292,193,undefined,undefined,undefined
369AEA55036D5,194,undefined,undefined,undefined
2024190FF8164,195,undefined,undefined,undefined
32B2AF315AA67,196,undefined,undefined,undefined
3596E9A73E43C,197,undefined,undefined,undefined
19CDCA73B72A7,198,undefined,undefined,undefined
33B677CCB0F60,199,undefined,undefined,undefined
172C9AEDC3B8D,200,undefined,undefined,undefined
2515A4F229855,201,undefined,undefined,undefined
B99C6444A266,202,undefined,undefined,undefined
EE8BFC7486FF,203,undefined,undefined,undefined
2AE37D1746F31,204,undefined,undefined,undefined
15DF9735CF77F,205,undefined,undefined,undefined
11DC7F29B9E73,206,undefined,undefined,undefined
20C896E730448,207,undefined,undefined,undefined
7B3A3E042DC9,208,undefined,undefined,undefined
15AAC2929B8F,209,undefined,undefined,undefined
37F8DF33AC056,210,undefined,undefined,undefined
114E0CE003DF6,211,undefined,undefined,undefined
2C84592AA096,212,undefined,undefined,undefined
63FF8AC0AD62,213,undefined,undefined,undefined
1E429301732E9,214,undefined,undefined,undefined
27A78A0FF839E,215,undefined,undefined,undefined
EFEBFA60A937,216,undefined,undefined,undefined
288E4F09817A9,217,undefined,undefined,undefined
D17A724151F3,218,undefined,undefined,undefined
72599E5B9FCF,219,undefined,undefined,undefined
2F175BF366B93,220,undefined,undefined,undefined
2B28C26E274AF,221,undefined,undefined,undefined
25241D6474A0A,222,undefined,undefined,undefined
10F56CEE5058,223,undefined,undefined,undefined
2D44F97E7F671,224,undefined,undefined,undefined
14D4EF85D9232,225,undefined,undefined,undefined
286608509BF2C,226,undefined,undefined,undefined
299A8FD64D87C,227,undefined,undefined,undefined
1AC9C25519968,228,undefined,undefined,undefined
9B6EE1B2CBF3,229,undefined,undefined,undefined
22C804B87D048,230,undefined,undefined,undefined
6A2035CB0D8C,231,undefined,undefined,undefined
2D388272B8361,232,undefined,undefined,undefined
240E23905F312,233,undefined,undefined,undefined
368EA46AF22AD,234,undefined,undefined,undefined
1B2516DE9A650,235,undefined,undefined,undefined
E51809EC4EDD,236,undefined,undefined,undefined
C4BC66C5957C,237,undefined,undefined,undefined
28F2162E5EA36,238,undefined,undefined,undefined
9EF8A0BBDF7D,239,undefined,undefined,undefined
242314EE771BF,240,undefined,undefined,undefined
1E3545DA92E6A,241,undefined,undefined,undefined
1C163E02FCB76,242,undefined,undefined,undefined
1CC18614BEB71,243,undefined,undefined,undefined
16AE1262D51CC,244,undefined,undefined,undefined
1D6D2D5A9A13A,245,undefined,undefined,undefined
32FEE3714237,246,undefined,undefined,undefined
326D491417B80,247,undefined,undefined,undefined
1CE090D2C8900,248,undefined,undefined,undefined
DEFAB1FFAC14,249,undefined,undefined,undefined
30B8C0282A5A9,250,undefined,undefined,undefined
18986F8610C43,251,undefined,undefined,undefined
32A409858D507,252,undefined,undefined,undefined
27CD81682099A,253,undefined,undefined,undefined
52F2DCCC4D55,254,undefined,undefined,undefined
1117F882654A5,255,undefined,undefined,undefined
1C1260ED19C4B,256,undefined,undefined,undefined
1C741E2C6E8B,257,undefined,undefined,undefined
1A4F47AF5210B,258,undefined,undefined,undefined
F666EEAFBFC5,259,undefined,undefined,undefined
2413C351D3E89,260,undefined,undefined,undefined
12E98ED2DF163,261,undefined,undefined,undefined
10E6E6CC31DB,262,undefined,undefined,undefined
605DB48A4D08,263,undefined,undefined,undefined
33D84E2AFB08C,264,undefined,undefined,undefined
145B4E1B830C,265,undefined,undefined,undefined
38903A5570B63,266,undefined,undefined,undefined
1ACBB2E9BE1CA,267,undefined,undefined,undefined
4F8A46655758,268,undefined,undefined,undefined
348B12CC9A884,269,undefined,undefined,undefined
FB39DD0E3FDD,270,undefined,undefined,undefined
1F096F8B4BED3,271,undefined,undefined,undefined
2A39A6638D0B4,272,undefined,undefined,undefined
21C8A2379FE5F,273,undefined,undefined,undefined
1C8B9989DA1FD,274,undefined,undefined,undefined
3588E825C907F,275,undefined,undefined,undefined
2BE8E248095EE,276,undefined,undefined,undefined
17D6032401935,277,undefined,undefined,undefined
3437FDAC119C1,278,undefined,undefined,undefined
2DA24B81103AE,279,undefined,undefined,undefined
3847CC29254D7,280,undefined,undefined,undefined
3760E05448C4C,281,undefined,undefined,undefined
4F542F3EED87,282,undefined,undefined,undefined
83785392B042,283,undefined,undefined,undefined
19E8A1D233814,284,undefined,undefined,undefined
2D1E26D76E037,285,undefined,undefined,undefined
6236DC69067D,286,undefined,undefined,undefined
2547FB234F571,287,undefined,undefined,undefined
345855DFFDC9D,288,undefined,undefined,undefined
29E1DEEC34AAB,289,undefined,undefined,undefined
F8FF1C6E8088,290,undefined,undefined,undefined
27AB94DA9DFE,291,undefined,undefined,undefined
59C81B790A3E,292,undefined,undefined,undefined
135504F6AC23C,293,undefined,undefined,undefined
2E6CB94F2F6C5,294,undefined,undefined,undefined
2504241BA8586,295,undefined,undefined,undefined
34E6BE81C8F19,296,undefined,undefined,undefined
91DBDC6E8200,297,undefined,undefined,undefined
292172D1B33EF,298,undefined,undefined,undefined
7EF5EF5819AB,299,undefined,undefined,undefined
13388E7EF611F,300,undefined,undefined,undefined
138CC7861CC1A,301,undefined,undefined,undefined
1213D9DE9415A,302,undefined,undefined,undefined
15B45A52BF52E,303,undefined,undefined,undefined
2B410151AF1B4,304,undefined,undefined,undefined
DD51EE5951E7,305,undefined,undefined,undefined
1CE22C29FCD59,306,undefined,undefined,undefined
C809228FA043,307,undefined,undefined,undefined
A204EA583F1F,308,undefined,undefined,undefined
2F7DCD4B5577E,309,undefined,undefined,undefined
1D9EC9946EFE1,310,undefined,undefined,undefined
58719D56CF9A,311,undefined,undefined,undefined
B681AE5800E2,312,undefined,undefined,undefined
257E4660AFDED,313,undefined,undefined,undefined
15BB3B6C832DC,314,undefined,undefined,undefined
22D68A8FDD521,315,undefined,undefined,undefined
B9E08BADE37D,316,undefined,undefined,undefined
2B7335128E2C,317,undefined,undefined,undefined
1318B2BBBC726,318,undefined,undefined,undefined
1B3ADA04B6579,319,undefined,undefined,undefined
476E2BF8A4D8,320,undefined,undefined,undefined
2CD22C8D41BBA,321,undefined,undefined,undefined
194FCCA37657C,322,undefined,undefined,undefined
29AAE4F22700F,323,undefined,undefined,undefined
18D3D73748DB2,324,undefined,undefined,undefined
1F0F74ECEB3E0,325,undefined,undefined,undefined
B23AD5D15914,326,undefined,undefined,undefined
361D8B7843814,327,undefined,undefined,undefined
FB5EC9D49AA7,328,undefined,undefined,undefined
4BF2FD941434,329,undefined,undefined,undefined
F81459BBEAF4,330,undefined,undefined,undefined
1DF7971C023CC,331,undefined,undefined,undefined
1D285920073A4,332,undefined,undefined,undefined
7DE35526D2E3,333,undefined,undefined,undefined
15BD98A0C7ECD,334,undefined,undefined,undefined
31722B11E088D,335,undefined,undefined,undefined
2E39ACE54C407,336,undefined,undefined,undefined
3028DA44F24E4,337,undefined,undefined,undefined
1F763C2D55F08,338,undefined,undefined,undefined
8D334F60E2AA,339,undefined,undefined,undefined
34F8F3CB28A8A,340,undefined,undefined,undefined
FABFDAC5E962,341,undefined,undefined,undefined
2175B9849CE0A,342,undefined,undefined,undefined
1277C7B8E9A0A,343,undefined,undefined,undefined
326A23E3C01E6,344,undefined,undefined,undefined
1909D4FAE41D9,345,undefined,undefined,undefined
11189B4E7A1E5,346,undefined,undefined,undefined
36AAAE5212E33,347,undefined,undefined,undefined
FB4C1480BC68,348,undefined,undefined,undefined
11B8D7030834B,349,undefined,undefined,undefined
266A90256A3F4,350,undefined,undefined,undefined
32C9455388C26,351,undefined,undefined,undefined
17F9C6604526C,352,undefined,undefined,undefined
1583400D107A1,353,undefined,undefined,undefined
36014AE924F07,354,undefined,undefined,undefined
2A4F2AC6CCBE5,355,undefined,undefined,undefined
2EE314057B75B,356,undefined,undefined,undefined
1CAAB3E9A6F5C,357,undefined,undefined,undefined
2B5FFCB7B0B71,358,undefined,undefined,undefined
DB65256011DB,359,undefined,undefined,undefined
4804D302C877,360,undefined,undefined,undefined
66E356428201,361,undefined,undefined,undefined
FCDB78AD0ECA,362,undefined,undefined,undefined
2C2875BE473B6,363,undefined,undefined,undefined
1152A213ED5CE,364,undefined,undefined,undefined
25949B08D1C58,365,undefined,undefined,undefined
4648A7D3AA6D,366,undefined,undefined,undefined
110A861D68867,367,undefined,undefined,undefined
284AE5F7017B1,368,undefined,undefined,undefined
3807805054C6A,369,undefined,undefined,undefined
1D37021DB7CA0,370,undefined,undefined,undefined
117B048CF84C6,371,undefined,undefined,undefined
1711FD57E63C7,372,undefined,undefined,undefined
1E485AB663026,373,undefined,undefined,undefined
12EAD5519334D,374,undefined,undefined,undefined
2778D17E27419,375,undefined,undefined,undefined
311A01C8641AA,376,undefined,undefined,undefined
1B675072FAA6A,377,undefined,undefined,undefined
297DFF430B02B,378,undefined,undefined,undefined
31258007B00B0,379,undefined,undefined,undefined
2BB4E1576C43B,380,undefined,undefined,undefined
12B7380932360,381,undefined,undefined,undefined
274BF8FF9D9E9,382,undefined,undefined,undefined
1D5729EA71456,383,undefined,undefined,undefined
70F2B038A498,384,undefined,undefined,undefined
231E3E96B3EF8,385,undefined,undefined,undefined
299D63DFFCC84,386,undefined,undefined,undefined
378EFFE378769,387,undefined,undefined,undefined
2292AC7601FB8,388,undefined,undefined,undefined
2065190652390,389,undefined,undefined,undefined
1F08F829F5DF,390,undefined,undefined,undefined
32DB06D14DB82,391,undefined,undefined,undefined
2D02008C1BB09,392,undefined,undefined,undefined
15F9C3C5455A0,393,undefined,undefined,undefined
26E4CF84CFCA7,394,undefined,undefined,undefined
1BFDA7FBC23EF,395,undefined,undefined,undefined
2483A15B2997E,396,undefined,undefined,undefined
52B254958D8C,397,undefined,undefined,undefined
107A6198B8EDF,398,undefined,undefined,undefined
44CC56090404,399,undefined,undefined,undefined
4BB2F7FE52D2,400,undefined,undefined,undefined
21E297F6E3596,401,undefined,undefined,undefined
232DE6FAAC565,402,undefined,undefined,undefined
37BB4080BA5D6,403,undefined,undefined,undefined
CF5DBC4EE06A,404,undefined,undefined,undefined
2E652063494D4,405,undefined,undefined,undefined
109897817BD95,406,undefined,undefined,undefined
1C287A984C7C,407,undefined,undefined,undefined
219B3A19DB310,408,undefined,undefined,undefined
2FCFC1A2BB8F5,409,undefined,undefined,undefined
303C067ADF058,410,undefined,undefined,undefined
26A1378CC6C63,411,undefined,undefined,undefined
2697788CA9A6,412,undefined,undefined,undefined
886BC6D5DCE9,413,undefined,undefined,undefined
E0D01F037887,414,undefined,undefined,undefined
3163C6F3CB121,415,undefined,undefined,undefined
2F5967B2B2CEC,416,undefined,undefined,undefined
7053576721A1,417,undefined,undefined,undefined
122C896DFE3C,418,undefined,undefined,undefined
2C33493BBF89F,419,undefined,undefined,undefined
35E06EEB5EB48,420,undefined,undefined,undefined
158F0441490E4,421,undefined,undefined,undefined
231F1CE686C67,422,undefined,undefined,undefined
A29C26A19A8E,423,undefined,undefined,undefined
297ED8B3ADA46,424,undefined,undefined,undefined
2AD13C28A554D,425,undefined,undefined,undefined
2BB2A6578D345,426,undefined,undefined,undefined
2C0EC7E5F45C2,427,undefined,undefined,undefined
30ED6216F349C,428,undefined,undefined,undefined
1A019B445897E,429,undefined,undefined,undefined
1D11589A1A434,430,undefined,undefined,undefined
3156DE7C9839,431,undefined,undefined,undefined
C1B0D0AFC49B,432,undefined,undefined,undefined
1E7EFAB58471F,433,undefined,undefined,undefined
30A2142F117BE,434,undefined,undefined,undefined
3056633A6E75E,435,undefined,undefined,undefined
172ED9B04BDC0,436,undefined,undefined,undefined
244044FDFB0C3,437,undefined,undefined,undefined
278FF394F7066,438,undefined,undefined,undefined
28409928FCE93,439,undefined,undefined,undefined
1B063A113D17F,440,undefined,undefined,undefined
12CD0B12CAF57,441,undefined,undefined,undefined
2C3E224C875F0,442,undefined,undefined,undefined
355E0467AD36,443,undefined,undefined,undefined
2F34E92F9DBA4,444,undefined,undefined,undefined
172BBDB322762,445,undefined,undefined,undefined
194003EB90AE4,446,undefined,undefined,undefined
CEC752BC48F2,447,undefined,undefined,undefined
11CDF8C6CD64C,448,undefined,undefined,undefined
255359345DFA5,449,undefined,undefined,undefined
6EC9EF907B84,450,undefined,undefined,undefined
1DCE6CC317284,451,undefined,undefined,undefined
17037CE4459B9,452,undefined,undefined,undefined
33B8E2BF2A559,453,undefined,undefined,undefined
1C253C06AD560,454,undefined,undefined,undefined
134326540B8C1,455,undefined,undefined,undefined
106EBBC69868A,456,undefined,undefined,undefined
AF9A36812E97,457,undefined,undefined,undefined
371FB794B988D,458,undefined,undefined,undefined
8C8C317DF5F8,459,undefined,undefined,undefined
1757E1420666C,460,undefined,undefined,undefined
1E662D4AE3FDC,461,undefined,undefined,undefined
3546B632F5D48,462,undefined,undefined,undefined
1816C28990CB4,463,undefined,undefined,undefined
13ABA753F14B5,464,undefined,undefined,undefined
378D46819BBCF,465,undefined,undefined,undefined
BFC029A8E855,466,undefined,undefined,undefined
207F476903D5A,467,undefined,undefined,undefined
1B455DF0FD229,468,undefined,undefined,undefined
36D0BF8A08694,469,undefined,undefined,undefined
8133E520B84C,470,undefined,undefined,undefined
2FA03114017FE,471,undefined,undefined,undefined
31ED182CAADF,472,undefined,undefined,undefined
388E13598887E,473,undefined,undefined,undefined
2508566D788C8,474,undefined,undefined,undefined
2DE85AC6C6788,475,undefined,undefined,undefined
95283F43EE2C,476,undefined,undefined,undefined
1250C63962BD0,477,undefined,undefined,undefined
22CB254FA0339,478,undefined,undefined,undefined
2CFA382698A1D,479,undefined,undefined,undefined
29E39D63B15E3,480,undefined,undefined,undefined
592AE5C3F9FF,481,undefined,undefined,undefined
35A5E2B5511FF,482,undefined,undefined,undefined
13E96690202E6,483,undefined,undefined,undefined
27E86F4BAF5BD,484,undefined,undefined,undefined
D5F4E18E3A12,485,undefined,undefined,undefined
37C226B5FC5D5,486,undefined,undefined,undefined
61E5C7BDABED,487,undefined,undefined,undefined
2FAFFC7D90F63,488,undefined,undefined,undefined
65462275EC04,489,undefined,undefined,undefined
